{"RuleTriggered": 0, "Violations": 431, "Details": {"low_gpu_utilization": 1059, "bottlenecks": {"1663803201.501564": {"GPUs": 1, "CPUs": 3}, "1663803202.001899": {"GPUs": 1, "CPUs": 2}, "1663803203.001557": {"GPUs": 1, "CPUs": 3}, "1663803203.501463": {"GPUs": 1, "CPUs": 4}, "1663803204.001466": {"GPUs": 1, "CPUs": 3}, "1663803204.505572": {"GPUs": 1, "CPUs": 4}, "1663803205.001452": {"GPUs": 1, "CPUs": 3}, "1663803206.001498": {"GPUs": 1, "CPUs": 1}, "1663803206.510209": {"GPUs": 1, "CPUs": 2}, "1663803207.005573": {"GPUs": 1, "CPUs": 3}, "1663803207.501468": {"GPUs": 1, "CPUs": 2}, "1663803208.501731": {"GPUs": 1, "CPUs": 1}, "1663803211.501497": {"GPUs": 1, "CPUs": 1}, "1663803214.001434": {"GPUs": 1, "CPUs": 1}, "1663803241.002206": {"GPUs": 1, "CPUs": 1}, "1663803250.501456": {"GPUs": 1, "CPUs": 1}, "1663803251.501458": {"GPUs": 1, "CPUs": 1}, "1663803257.501471": {"GPUs": 1, "CPUs": 1}, "1663803259.501453": {"GPUs": 1, "CPUs": 2}, "1663803263.501753": {"GPUs": 1, "CPUs": 1}, "1663803264.001465": {"GPUs": 1, "CPUs": 1}, "1663803267.501498": {"GPUs": 1, "CPUs": 2}, "1663803268.501451": {"GPUs": 1, "CPUs": 4}, "1663803269.001528": {"GPUs": 1, "CPUs": 2}, "1663803269.501464": {"GPUs": 1, "CPUs": 1}, "1663803273.001732": {"GPUs": 1, "CPUs": 1}, "1663803273.502438": {"GPUs": 1, "CPUs": 3}, "1663803274.001603": {"GPUs": 1, "CPUs": 4}, "1663803274.501558": {"GPUs": 1, "CPUs": 4}, "1663803275.001471": {"GPUs": 1, "CPUs": 3}, "1663803275.501454": {"GPUs": 1, "CPUs": 2}, "1663803276.001492": {"GPUs": 1, "CPUs": 2}, "1663803276.501753": {"GPUs": 1, "CPUs": 2}, "1663803277.001733": {"GPUs": 1, "CPUs": 2}, "1663803277.501457": {"GPUs": 1, "CPUs": 2}, "1663803279.501524": {"GPUs": 1, "CPUs": 4}, "1663803280.001452": {"GPUs": 1, "CPUs": 1}, "1663803280.501907": {"GPUs": 1, "CPUs": 1}, "1663803281.001461": {"GPUs": 1, "CPUs": 1}, "1663803284.503809": {"GPUs": 1, "CPUs": 1}, "1663803285.002588": {"GPUs": 1, "CPUs": 2}, "1663803289.006016": {"GPUs": 1, "CPUs": 4}, "1663803289.501448": {"GPUs": 1, "CPUs": 3}, "1663803290.005816": {"GPUs": 1, "CPUs": 3}, "1663803290.501873": {"GPUs": 1, "CPUs": 1}, "1663803291.005654": {"GPUs": 1, "CPUs": 1}, "1663803291.505252": {"GPUs": 1, "CPUs": 4}, "1663803293.501476": {"GPUs": 1, "CPUs": 2}, "1663803294.001438": {"GPUs": 1, "CPUs": 2}, "1663803294.501447": {"GPUs": 1, "CPUs": 2}, "1663803295.001434": {"GPUs": 1, "CPUs": 2}, "1663803295.501441": {"GPUs": 1, "CPUs": 2}, "1663803296.001448": {"GPUs": 1, "CPUs": 2}, "1663803296.501463": {"GPUs": 1, "CPUs": 2}, "1663803297.001458": {"GPUs": 1, "CPUs": 2}, "1663803297.50151": {"GPUs": 1, "CPUs": 1}, "1663803298.001461": {"GPUs": 1, "CPUs": 1}, "1663803298.501605": {"GPUs": 1, "CPUs": 1}, "1663803299.001461": {"GPUs": 1, "CPUs": 1}, "1663803299.501552": {"GPUs": 1, "CPUs": 1}, "1663803301.501454": {"GPUs": 1, "CPUs": 1}, "1663803302.001457": {"GPUs": 1, "CPUs": 3}, "1663803302.501449": {"GPUs": 1, "CPUs": 1}, "1663803305.501457": {"GPUs": 1, "CPUs": 3}, "1663803308.501571": {"GPUs": 1, "CPUs": 1}, "1663803309.001456": {"GPUs": 1, "CPUs": 1}, "1663803309.501469": {"GPUs": 1, "CPUs": 1}, "1663803310.001464": {"GPUs": 1, "CPUs": 2}, "1663803310.501461": {"GPUs": 1, "CPUs": 2}, "1663803314.001462": {"GPUs": 1, "CPUs": 2}, "1663803314.501451": {"GPUs": 1, "CPUs": 1}, "1663803315.001452": {"GPUs": 1, "CPUs": 1}, "1663803315.501468": {"GPUs": 1, "CPUs": 1}, "1663803316.001468": {"GPUs": 1, "CPUs": 1}, "1663803316.501653": {"GPUs": 1, "CPUs": 1}, "1663803317.001454": {"GPUs": 1, "CPUs": 1}, "1663803317.50157": {"GPUs": 1, "CPUs": 1}, "1663803318.001519": {"GPUs": 1, "CPUs": 1}, "1663803318.501442": {"GPUs": 1, "CPUs": 1}, "1663803319.001491": {"GPUs": 1, "CPUs": 1}, "1663803319.501476": {"GPUs": 1, "CPUs": 1}, "1663803323.501473": {"GPUs": 1, "CPUs": 1}, "1663803324.002691": {"GPUs": 1, "CPUs": 1}, "1663803324.50147": {"GPUs": 1, "CPUs": 1}, "1663803325.001443": {"GPUs": 1, "CPUs": 1}, "1663803325.501452": {"GPUs": 1, "CPUs": 1}, "1663803329.001462": {"GPUs": 1, "CPUs": 1}, "1663803329.501476": {"GPUs": 1, "CPUs": 1}, "1663803330.001524": {"GPUs": 1, "CPUs": 2}, "1663803330.501458": {"GPUs": 1, "CPUs": 2}, "1663803331.001441": {"GPUs": 1, "CPUs": 1}, "1663803331.501468": {"GPUs": 1, "CPUs": 1}, "1663803332.001468": {"GPUs": 1, "CPUs": 1}, "1663803332.501452": {"GPUs": 1, "CPUs": 1}, "1663803333.001442": {"GPUs": 1, "CPUs": 1}, "1663803333.501438": {"GPUs": 1, "CPUs": 1}, "1663803334.001454": {"GPUs": 1, "CPUs": 1}, "1663803334.501438": {"GPUs": 1, "CPUs": 1}, "1663803341.501451": {"GPUs": 1, "CPUs": 2}, "1663803342.001466": {"GPUs": 1, "CPUs": 2}, "1663803342.501465": {"GPUs": 1, "CPUs": 2}, "1663803343.001437": {"GPUs": 1, "CPUs": 2}, "1663803343.501454": {"GPUs": 1, "CPUs": 2}, "1663803344.001466": {"GPUs": 1, "CPUs": 2}, "1663803344.501496": {"GPUs": 1, "CPUs": 2}, "1663803346.501448": {"GPUs": 1, "CPUs": 1}, "1663803347.001449": {"GPUs": 1, "CPUs": 3}, "1663803347.501443": {"GPUs": 1, "CPUs": 3}, "1663803348.001453": {"GPUs": 1, "CPUs": 2}, "1663803349.501438": {"GPUs": 1, "CPUs": 1}, "1663803350.00145": {"GPUs": 1, "CPUs": 1}, "1663803350.501444": {"GPUs": 1, "CPUs": 1}, "1663803351.001448": {"GPUs": 1, "CPUs": 1}, "1663803351.50146": {"GPUs": 1, "CPUs": 1}, "1663803352.501438": {"GPUs": 1, "CPUs": 1}, "1663803354.001433": {"GPUs": 1, "CPUs": 1}, "1663803359.501461": {"GPUs": 1, "CPUs": 1}, "1663803360.001437": {"GPUs": 1, "CPUs": 1}, "1663803360.501471": {"GPUs": 1, "CPUs": 1}, "1663803361.001444": {"GPUs": 1, "CPUs": 1}, "1663803361.501448": {"GPUs": 1, "CPUs": 2}, "1663803362.001441": {"GPUs": 1, "CPUs": 2}, "1663803362.501444": {"GPUs": 1, "CPUs": 3}, "1663803365.501444": {"GPUs": 1, "CPUs": 2}, "1663803367.501475": {"GPUs": 1, "CPUs": 2}, "1663803372.001412": {"GPUs": 1, "CPUs": 1}, "1663803372.501453": {"GPUs": 1, "CPUs": 1}, "1663803373.001439": {"GPUs": 1, "CPUs": 1}, "1663803373.501462": {"GPUs": 1, "CPUs": 1}, "1663803374.001465": {"GPUs": 1, "CPUs": 1}, "1663803381.502662": {"GPUs": 1, "CPUs": 2}, "1663803382.501451": {"GPUs": 1, "CPUs": 2}, "1663803383.001455": {"GPUs": 1, "CPUs": 2}, "1663803383.501449": {"GPUs": 1, "CPUs": 3}, "1663803384.00144": {"GPUs": 1, "CPUs": 3}, "1663803384.501448": {"GPUs": 1, "CPUs": 3}, "1663803385.001456": {"GPUs": 1, "CPUs": 3}, "1663803385.501459": {"GPUs": 1, "CPUs": 2}, "1663803386.001464": {"GPUs": 1, "CPUs": 2}, "1663803386.501449": {"GPUs": 1, "CPUs": 2}, "1663803387.001441": {"GPUs": 1, "CPUs": 2}, "1663803387.501452": {"GPUs": 1, "CPUs": 2}, "1663803388.001472": {"GPUs": 1, "CPUs": 2}, "1663803388.501461": {"GPUs": 1, "CPUs": 2}, "1663803395.001472": {"GPUs": 1, "CPUs": 2}, "1663803395.501443": {"GPUs": 1, "CPUs": 1}, "1663803396.001455": {"GPUs": 1, "CPUs": 1}, "1663803396.501457": {"GPUs": 1, "CPUs": 1}, "1663803397.001459": {"GPUs": 1, "CPUs": 1}, "1663803397.501457": {"GPUs": 1, "CPUs": 1}, "1663803402.501464": {"GPUs": 1, "CPUs": 1}, "1663803403.001454": {"GPUs": 1, "CPUs": 1}, "1663803403.50146": {"GPUs": 1, "CPUs": 1}, "1663803404.001446": {"GPUs": 1, "CPUs": 1}, "1663803412.509573": {"GPUs": 1, "CPUs": 1}, "1663803415.501451": {"GPUs": 1, "CPUs": 1}, "1663803420.501595": {"GPUs": 1, "CPUs": 1}, "1663803421.501669": {"GPUs": 1, "CPUs": 2}, "1663803422.001465": {"GPUs": 1, "CPUs": 3}, "1663803422.501439": {"GPUs": 1, "CPUs": 2}, "1663803423.001722": {"GPUs": 1, "CPUs": 3}, "1663803423.501567": {"GPUs": 1, "CPUs": 2}, "1663803426.501454": {"GPUs": 1, "CPUs": 1}, "1663803427.00151": {"GPUs": 1, "CPUs": 1}, "1663803427.501468": {"GPUs": 1, "CPUs": 2}, "1663803431.501458": {"GPUs": 1, "CPUs": 1}, "1663803432.001461": {"GPUs": 1, "CPUs": 1}, "1663803432.501453": {"GPUs": 1, "CPUs": 2}, "1663803433.001468": {"GPUs": 1, "CPUs": 2}, "1663803433.501458": {"GPUs": 1, "CPUs": 2}, "1663803434.001442": {"GPUs": 1, "CPUs": 2}, "1663803434.501409": {"GPUs": 1, "CPUs": 2}, "1663803435.001442": {"GPUs": 1, "CPUs": 2}, "1663803435.501445": {"GPUs": 1, "CPUs": 2}, "1663803436.001437": {"GPUs": 1, "CPUs": 2}, "1663803436.501469": {"GPUs": 1,