{"RuleTriggered": 1, "Violations": 1, "Details": {"pin_memory": false, "num_workers": 0, "cores": 4, "dataloaders": 1, "dataloading_time": {"p25": 1.9943475, "p50": 2.114491, "p95": 2.4620705000000003, "probs": [2, 0, 0, 0, 0, 0, 0, 0, 1, 0, 0, 0, 0, 0, 0, 0, 0, 0, 0, 0, 0, 0, 0, 0, 0, 0, 0, 0, 1, 0, 0, 0, 0, 0, 0, 1, 1, 0, 0, 0, 0, 0, 0, 0, 0, 0, 0, 0, 0, 1, 0, 0, 0, 0, 0, 0, 0, 0, 0, 1, 0, 0, 0, 0, 0, 1, 0, 0, 0, 0, 0, 0, 0, 0, 0, 1, 0, 0, 0, 0, 0, 0, 0, 0, 0, 0, 0, 0, 0, 0, 0, 0, 0, 0, 0, 0, 0, 0, 0, 1], "binedges": [1.869434, 1.87618833, 1.88294266, 1.88969699, 1.89645132, 1.90320565, 1.90995998, 1.9167143100000001, 1.92346864, 1.93022297, 1.9369773000000001, 1.94373163, 1.95048596, 1.95724029, 1.96399462, 1.97074895, 1.97750328, 1.98425761, 1.99101194, 1.99776627, 2.0045206, 2.01127493, 2.01802926, 2.02478359, 2.03153792, 2.03829225, 2.04504658, 2.05180091, 2.05855524, 2.06530957, 2.0720639, 2.07881823, 2.08557256, 2.09232689, 2.09908122, 2.10583555, 2.11258988, 2.11934421, 2.12609854, 2.13285287, 2.1396072, 2.14636153, 2.1531158599999998, 2.15987019, 2.16662452, 2.17337885, 2.18013318, 2.18688751, 2.19364184, 2.20039617, 2.2071505, 2.21390483, 2.22065916, 2.22741349, 2.23416782, 2.24092215, 2.24767648, 2.25443081, 2.26118514, 2.26793947, 2.2746938, 2.2814481300000002, 2.28820246, 2.29495679, 2.30171112, 2.30846545, 2.31521978, 2.32197411, 2.32872844, 2.33548277, 2.3422371, 2.34899143, 2.35574576, 2.36250009, 2.36925442, 2.37600875, 2.38276308, 2.38951741, 2.39627174, 2.40302607, 2.4097804, 2.41653473, 2.42328906, 2.43004339, 2.43679772, 2.44355205, 2.45030638, 2.45706071, 2.46381504, 2.4705693699999998, 2.4773237, 2.48407803, 2.4908323599999997, 2.49758669, 2.50434102, 2.5110953499999997, 2.51784968, 2.52460401, 2.5313583399999997, 2.53811267, 2.544867]}}, "Datapoints": 11, "RuleParameters": "min_threshold:70\nmax_threshold:200"}