{"RuleTriggered": 0, "Violations": 100, "Details": {"low_gpu_utilization": 1059, "bottlenecks": {"1663803294.001438": {"GPUs": 1, "CPUs": 1}, "1663803294.501447": {"GPUs": 1, "CPUs": 1}, "1663803295.001434": {"GPUs": 1, "CPUs": 1}, "1663803295.501441": {"GPUs": 1, "CPUs": 1}, "1663803296.001448": {"GPUs": 1, "CPUs": 2}, "1663803296.501463": {"GPUs": 1, "CPUs": 1}, "1663803297.001458": {"GPUs": 1, "CPUs": 2}, "1663803297.50151": {"GPUs": 1, "CPUs": 1}, "1663803299.501552": {"GPUs": 1, "CPUs": 1}, "1663803318.501442": {"GPUs": 1, "CPUs": 1}, "1663803319.001491": {"GPUs": 1, "CPUs": 1}, "1663803319.501476": {"GPUs": 1, "CPUs": 1}, "1663803325.001443": {"GPUs": 1, "CPUs": 1}, "1663803325.501452": {"GPUs": 1, "CPUs": 1}, "1663803331.501468": {"GPUs": 1, "CPUs": 1}, "1663803332.001468": {"GPUs": 1, "CPUs": 1}, "1663803332.501452": {"GPUs": 1, "CPUs": 1}, "1663803333.001442": {"GPUs": 1, "CPUs": 1}, "1663803333.501438": {"GPUs": 1, "CPUs": 1}, "1663803334.001454": {"GPUs": 1, "CPUs": 1}, "1663803334.501438": {"GPUs": 1, "CPUs": 1}, "1663803342.001466": {"GPUs": 1, "CPUs": 2}, "1663803342.501465": {"GPUs": 1, "CPUs": 2}, "1663803343.001437": {"GPUs": 1, "CPUs": 2}, "1663803343.501454": {"GPUs": 1, "CPUs": 2}, "1663803344.001466": {"GPUs": 1, "CPUs": 2}, "1663803344.501496": {"GPUs": 1, "CPUs": 2}, "1663803345.001445": {"GPUs": 1, "CPUs": 1}, "1663803347.001449": {"GPUs": 1, "CPUs": 3}, "1663803347.501443": {"GPUs": 1, "CPUs": 3}, "1663803348.001453": {"GPUs": 1, "CPUs": 2}, "1663803349.501438": {"GPUs": 1, "CPUs": 1}, "1663803350.00145": {"GPUs": 1, "CPUs": 1}, "1663803350.501444": {"GPUs": 1, "CPUs": 1}, "1663803351.001448": {"GPUs": 1, "CPUs": 1}, "1663803351.50146": {"GPUs": 1, "CPUs": 1}, "1663803352.001467": {"GPUs": 1, "CPUs": 1}, "1663803352.501438": {"GPUs": 1, "CPUs": 1}, "1663803360.001437": {"GPUs": 1, "CPUs": 1}, "1663803360.501471": {"GPUs": 1, "CPUs": 1}, "1663803361.001444": {"GPUs": 1, "CPUs": 1}, "1663803361.501448": {"GPUs": 1, "CPUs": 2}, "1663803362.001441": {"GPUs": 1, "CPUs": 2}, "1663803362.501444": {"GPUs": 1, "CPUs": 3}, "1663803365.501444": {"GPUs": 1, "CPUs": 2}, "1663803366.001458": {"GPUs": 1, "CPUs": 1}, "1663803382.501451": {"GPUs": 1, "CPUs": 2}, "1663803383.001455": {"GPUs": 1, "CPUs": 3}, "1663803383.501449": {"GPUs": 1, "CPUs": 3}, "1663803384.00144": {"GPUs": 1, "CPUs": 3}, "1663803384.501448": {"GPUs": 1, "CPUs": 3}, "1663803385.001456": {"GPUs": 1, "CPUs": 3}, "1663803385.501459": {"GPUs": 1, "CPUs": 3}, "1663803386.001464": {"GPUs": 1, "CPUs": 3}, "1663803386.501449": {"GPUs": 1, "CPUs": 2}, "1663803387.001441": {"GPUs": 1, "CPUs": 2}, "1663803387.501452": {"GPUs": 1, "CPUs": 2}, "1663803388.001472": {"GPUs": 1, "CPUs": 2}, "1663803388.501461": {"GPUs": 1, "CPUs": 2}, "1663803395.501443": {"GPUs": 1, "CPUs": 1}, "1663803396.001455": {"GPUs": 1, "CPUs": 1}, "1663803396.501457": {"GPUs": 1, "CPUs": 1}, "1663803397.001459": {"GPUs": 1, "CPUs": 1}, "1663803397.501457": {"GPUs": 1, "CPUs": 1}, "1663803402.501464": {"GPUs": 1, "CPUs": 2}, "1663803403.001454": {"GPUs": 1, "CPUs": 1}, "1663803403.50146": {"GPUs": 1, "CPUs": 1}, "1663803404.001446": {"GPUs": 1, "CPUs": 2}, "1663803415.501451": {"GPUs": 1, "CPUs": 1}, "1663803431.501458": {"GPUs": 1, "CPUs": 1}, "1663803432.001461": {"GPUs": 1, "CPUs": 1}, "1663803432.501453": {"GPUs": 1, "CPUs": 2}, "1663803433.001468": {"GPUs": 1, "CPUs": 2}, "1663803433.501458": {"GPUs": 1, "CPUs": 2}, "1663803434.001442": {"GPUs": 1, "CPUs": 2}, "1663803434.501409": {"GPUs": 1, "CPUs": 2}, "1663803435.001442": {"GPUs": 1, "CPUs": 2}, "1663803435.501445": {"GPUs": 1, "CPUs": 2}, "1663803436.001437": {"GPUs": 1, "CPUs": 2}, "1663803436.501469": {"GPUs": 1, "CPUs": 2}, "1663803437.001466": {"GPUs": 1, "CPUs": 2}, "1663803437.501441": {"GPUs": 1, "CPUs": 2}, "1663803438.001437": {"GPUs": 1, "CPUs": 1}, "1663803438.501443": {"GPUs": 1, "CPUs": 3}, "1663803439.001451": {"GPUs": 1, "CPUs": 2}, "1663803439.501456": {"GPUs": 1, "CPUs": 2}, "1663803440.001441": {"GPUs": 1, "CPUs": 2}, "1663803440.50146": {"GPUs": 1, "CPUs": 2}, "1663803441.001468": {"GPUs": 1, "CPUs": 1}, "1663803447.001443": {"GPUs": 1, "CPUs": 2}, "1663803450.501456": {"GPUs": 1, "CPUs": 2}, "1663803451.001449": {"GPUs": 1, "CPUs": 2}, "1663803451.501465": {"GPUs": 1, "CPUs": 1}, "1663803452.501476": {"GPUs": 1, "CPUs": 1}, "1663803453.001463": {"GPUs": 1, "CPUs": 2}, "1663803457.501446": {"GPUs": 1, "CPUs": 1}, "1663803458.001457": {"GPUs": 1, "CPUs": 2}, "1663803463.501435": {"GPUs": 1, "CPUs": 1}, "1663803477.001475": {"GPUs": 1, "CPUs": 1}, "1663803484.501463": {"GPUs": 1, "CPUs": 1}}}, "Datapoints": 1183, "RuleParameters": "threshold:50\nio_threshold:50\ngpu_threshold:10\npatience:1000"}