{"RuleTriggered": 0, "Violations": 0, "Details": {"step_num": {"first": 1663803489858915, "last": 1663803779730450}, "job_start": 1663803201.001362, "job_end": 1663803779.501822}, "Datapoints": 102, "RuleParameters": "threshold:20"}