{"RuleTriggered": 0, "Violations": 0, "Details": {"ratio": {"gpu_functions-dev:0": 51.836153965394246, "cpu_functions": 48.163846034605754}, "phase": {"Step:ModeKeys.TRAIN": 35.29503850457971, "others": 64.58187983283045, "Step:ModeKeys.EVAL": 0.12308166258984206}, "phase_time": {}, "CPU": {"aten::conv2d": 14.126409249954419, "aten::convolution": 13.899666679905543, "aten::_convolution": 13.824935313150025, "aten::cudnn_convolution": 13.789546555823238, "aten::linear": 2.4761524997193693, "aten::addmm": 2.451466020195117, "enumerate(DataLoader)#_SingleProcessDataLoaderIter.__next__": 39.431823681252304}, "CPU_total": {"aten::conv2d": 8724831, "aten::convolution": 8584789, "aten::_convolution": 8538633, "aten::cudnn_convolution": 8516776, "aten::linear": 1529335, "aten::addmm": 1514088, "enumerate(DataLoader)#_SingleProcessDataLoaderIter.__next__": 24354101}, "GPU": {"aten::conv2d": 15.502658839653982, "aten::convolution": 15.49979044151108, "aten::_convolution": 15.497031285952511, "aten::cudnn_convolution": 15.492658461362518, "enumerate(DataLoader)#_SingleProcessDataLoaderIter.__next__": 38.0078609715199}, "GPU_total": {"aten::conv2d": 9933728, "aten::convolution": 9931890, "aten::_convolution": 9930122, "aten::cudnn_convolution": 9927320, "enumerate(DataLoader)#_SingleProcessDataLoaderIter.__next__": 24354516}, "general": {"DataLoaderIterInitialize": 0.005324836001593846, "DataLoaderIter": 27.156782983628545, "Forward": 72.83789218036986}}, "Datapoints": 0, "RuleParameters": ""}